{
    "train_loss": [
        0.4971914862322282,
        0.11187104272020822,
        0.07549781171301995,
        0.056969931667721144,
        0.050623708820317255,
        0.03926137211474693,
        0.03157350222206805,
        0.02791075357847092,
        0.030740965446592914,
        0.02645738612123088,
        0.0197668984665777,
        0.021730598396026143,
        0.01831560438585461,
        0.024889132997663,
        0.01695304082564097,
        0.01865499438727691,
        0.018108237045227668,
        0.019056704170873833,
        0.020674732519017042,
        0.015560403882119324
    ],
    "val_loss": [
        0.05443172623374492,
        0.03617618799136497,
        0.014120264651921403,
        0.01909966442157341,
        0.017885469472973856,
        0.018083368237917726,
        0.012925047194133982,
        0.011711155909187107,
        0.00577031611801748,
        0.011080605052188202,
        0.005936099769305938,
        0.006894490801049721,
        0.013838448550790269,
        0.010332752884546749,
        0.007564236247416438,
        0.011159913431554322,
        0.008448815410028553,
        0.004205319964071808,
        0.008317832096257327,
        0.004877770786088788
    ],
    "train_acc": [
        0.8665777993213767,
        0.965887057682986,
        0.9773994183228308,
        0.9820043625787688,
        0.9843068347067377,
        0.9882452738730004,
        0.9896388754241396,
        0.9917595734367426,
        0.9901236063984489,
        0.9917595734367426,
        0.9946073679108095,
        0.994001454192923,
        0.9942438196800776,
        0.9922443044110518,
        0.9942438196800776,
        0.993456131846825,
        0.9945467765390208,
        0.9944255937954435,
        0.9929108095007271,
        0.9960009694619486
    ],
    "val_acc": [
        0.9859496124031008,
        0.9898255813953488,
        0.9966085271317829,
        0.9951550387596899,
        0.9932170542635659,
        0.9946705426356589,
        0.9961240310077519,
        0.9951550387596899,
        0.998062015503876,
        0.997577519379845,
        0.998062015503876,
        0.9966085271317829,
        0.9956395348837209,
        0.9961240310077519,
        0.997577519379845,
        0.997577519379845,
        0.997577519379845,
        0.998062015503876,
        0.997093023255814,
        0.997577519379845
    ]
}